<?xml version="1.0" encoding="UTF-8"?>
<!DOCTYPE plist PUBLIC "-//Apple Computer//DTD PLIST 1.0//EN" "http://www.apple.com/DTDs/PropertyList-1.0.dtd">
<plist version="1.0"><dict>
    <key>Application Version</key><string>6M62</string>
    <key>0</key><dict>
        <key>Filename</key><string>C:\Users\Sam Kabo Ashwell\Documents\Inform\nginx-1.12.1\nginx-1.12.1\html\Olfactor.inform\Source\story.ni</string>
        <key>Line</key><integer>1</integer>
        <key>Title</key><string>"Scents and Semiosis" by Heavy Petal</string>
        <key>Level</key><integer>0</integer>
        <key>Indentation</key><integer>0</integer>
    </dict>
    <key>1</key><dict>
        <key>Filename</key><string>C:\Users\Sam Kabo Ashwell\Documents\Inform\nginx-1.12.1\nginx-1.12.1\html\Olfactor.inform\Source\story.ni</string>
        <key>Line</key><integer>3</integer>
        <key>Title</key><string>Volume - Fundamentals</string>
        <key>Level</key><integer>1</integer>
        <key>Indentation</key><integer>1</integer>
    </dict>
    <key>2</key><dict>
        <key>Filename</key><string>C:\Users\Sam Kabo Ashwell\Documents\Inform\nginx-1.12.1\nginx-1.12.1\html\Olfactor.inform\Source\story.ni</string>
        <key>Line</key><integer>209</integer>
        <key>Title</key><string>Volume - I Can't Belive It's Not Tracery</string>
        <key>Level</key><integer>1</integer>
        <key>Indentation</key><integer>1</integer>
    </dict>
    <key>3</key><dict>
        <key>Filename</key><string>C:\Users\Sam Kabo Ashwell\Documents\Inform\nginx-1.12.1\nginx-1.12.1\html\Olfactor.inform\Source\story.ni</string>
        <key>Line</key><integer>561</integer>
        <key>Title</key><string>Volume - Scent</string>
        <key>Level</key><integer>1</integer>
        <key>Indentation</key><integer>1</integer>
    </dict>
    <key>4</key><dict>
        <key>Filename</key><string>C:\Users\Sam Kabo Ashwell\Documents\Inform\nginx-1.12.1\nginx-1.12.1\html\Olfactor.inform\Source\story.ni</string>
        <key>Line</key><integer>563</integer>
        <key>Title</key><string>Book - Scent Styles</string>
        <key>Level</key><integer>2</integer>
        <key>Indentation</key><integer>2</integer>
    </dict>
    <key>5</key><dict>
        <key>Filename</key><string>C:\Users\Sam Kabo Ashwell\Documents\Inform\nginx-1.12.1\nginx-1.12.1\html\Olfactor.inform\Source\story.ni</string>
        <key>Line</key><integer>804</integer>
        <key>Title</key><string>Book - Scent Notes</string>
        <key>Level</key><integer>2</integer>
        <key>Indentation</key><integer>2</integer>
    </dict>
    <key>6</key><dict>
        <key>Filename</key><string>C:\Users\Sam Kabo Ashwell\Documents\Inform\nginx-1.12.1\nginx-1.12.1\html\Olfactor.inform\Source\story.ni</string>
        <key>Line</key><integer>816</integer>
        <key>Title</key><string>Chapter - Top Notes</string>
        <key>Level</key><integer>4</integer>
        <key>Indentation</key><integer>3</integer>
    </dict>
    <key>7</key><dict>
        <key>Filename</key><string>C:\Users\Sam Kabo Ashwell\Documents\Inform\nginx-1.12.1\nginx-1.12.1\html\Olfactor.inform\Source\story.ni</string>
        <key>Line</key><integer>887</integer>
        <key>Title</key><string>Chapter - Heart Notes</string>
        <key>Level</key><integer>4</integer>
        <key>Indentation</key><integer>3</integer>
    </dict>
    <key>8</key><dict>
        <key>Filename</key><string>C:\Users\Sam Kabo Ashwell\Documents\Inform\nginx-1.12.1\nginx-1.12.1\html\Olfactor.inform\Source\story.ni</string>
        <key>Line</key><integer>1031</integer>
        <key>Title</key><string>Chapter - Base Notes</string>
        <key>Level</key><integer>4</integer>
        <key>Indentation</key><integer>3</integer>
    </dict>
    <key>9</key><dict>
        <key>Filename</key><string>C:\Users\Sam Kabo Ashwell\Documents\Inform\nginx-1.12.1\nginx-1.12.1\html\Olfactor.inform\Source\story.ni</string>
        <key>Line</key><integer>1134</integer>
        <key>Title</key><string>Chapter - Hints</string>
        <key>Level</key><integer>4</integer>
        <key>Indentation</key><integer>3</integer>
    </dict>
    <key>10</key><dict>
        <key>Filename</key><string>C:\Users\Sam Kabo Ashwell\Documents\Inform\nginx-1.12.1\nginx-1.12.1\html\Olfactor.inform\Source\story.ni</string>
        <key>Line</key><integer>1147</integer>
        <key>Title</key><string>Chapter - Multikinds</string>
        <key>Level</key><integer>4</integer>
        <key>Indentation</key><integer>3</integer>
    </dict>
    <key>11</key><dict>
        <key>Filename</key><string>C:\Users\Sam Kabo Ashwell\Documents\Inform\nginx-1.12.1\nginx-1.12.1\html\Olfactor.inform\Source\story.ni</string>
        <key>Line</key><integer>1190</integer>
        <key>Title</key><string>Chapter - Phantasy</string>
        <key>Level</key><integer>4</integer>
        <key>Indentation</key><integer>3</integer>
    </dict>
    <key>12</key><dict>
        <key>Filename</key><string>C:\Users\Sam Kabo Ashwell\Documents\Inform\nginx-1.12.1\nginx-1.12.1\html\Olfactor.inform\Source\story.ni</string>
        <key>Line</key><integer>1203</integer>
        <key>Title</key><string>Chapter - Adjectives</string>
        <key>Level</key><integer>4</integer>
        <key>Indentation</key><integer>3</integer>
    </dict>
    <key>13</key><dict>
        <key>Filename</key><string>C:\Users\Sam Kabo Ashwell\Documents\Inform\nginx-1.12.1\nginx-1.12.1\html\Olfactor.inform\Source\story.ni</string>
        <key>Line</key><integer>1213</integer>
        <key>Title</key><string>Book - Assembler</string>
        <key>Level</key><integer>2</integer>
        <key>Indentation</key><integer>2</integer>
    </dict>
    <key>14</key><dict>
        <key>Filename</key><string>C:\Users\Sam Kabo Ashwell\Documents\Inform\nginx-1.12.1\nginx-1.12.1\html\Olfactor.inform\Source\story.ni</string>
        <key>Line</key><integer>1257</integer>
        <key>Title</key><string>Volume - Reflective Choice</string>
        <key>Level</key><integer>1</integer>
        <key>Indentation</key><integer>1</integer>
    </dict>
    <key>15</key><dict>
        <key>Filename</key><string>C:\Users\Sam Kabo Ashwell\Documents\Inform\nginx-1.12.1\nginx-1.12.1\html\Olfactor.inform\Source\story.ni</string>
        <key>Line</key><integer>1259</integer>
        <key>Title</key><string>Book - Memorialising</string>
        <key>Level</key><integer>2</integer>
        <key>Indentation</key><integer>2</integer>
    </dict>
    <key>16</key><dict>
        <key>Filename</key><string>C:\Users\Sam Kabo Ashwell\Documents\Inform\nginx-1.12.1\nginx-1.12.1\html\Olfactor.inform\Source\story.ni</string>
        <key>Line</key><integer>1289</integer>
        <key>Title</key><string>Book - Kinds of Resonance</string>
        <key>Level</key><integer>2</integer>
        <key>Indentation</key><integer>2</integer>
    </dict>
    <key>17</key><dict>
        <key>Filename</key><string>C:\Users\Sam Kabo Ashwell\Documents\Inform\nginx-1.12.1\nginx-1.12.1\html\Olfactor.inform\Source\story.ni</string>
        <key>Line</key><integer>1291</integer>
        <key>Title</key><string>Part - Big Mood</string>
        <key>Level</key><integer>3</integer>
        <key>Indentation</key><integer>3</integer>
    </dict>
    <key>18</key><dict>
        <key>Filename</key><string>C:\Users\Sam Kabo Ashwell\Documents\Inform\nginx-1.12.1\nginx-1.12.1\html\Olfactor.inform\Source\story.ni</string>
        <key>Line</key><integer>1361</integer>
        <key>Title</key><string>Chapter - Targeted Resonance</string>
        <key>Level</key><integer>4</integer>
        <key>Indentation</key><integer>4</integer>
    </dict>
    <key>19</key><dict>
        <key>Filename</key><string>C:\Users\Sam Kabo Ashwell\Documents\Inform\nginx-1.12.1\nginx-1.12.1\html\Olfactor.inform\Source\story.ni</string>
        <key>Line</key><integer>1425</integer>
        <key>Title</key><string>Chapter - Random Resonance</string>
        <key>Level</key><integer>4</integer>
        <key>Indentation</key><integer>4</integer>
    </dict>
    <key>20</key><dict>
        <key>Filename</key><string>C:\Users\Sam Kabo Ashwell\Documents\Inform\nginx-1.12.1\nginx-1.12.1\html\Olfactor.inform\Source\story.ni</string>
        <key>Line</key><integer>1459</integer>
        <key>Title</key><string>Chapter - Weirdly Specific Mood</string>
        <key>Level</key><integer>4</integer>
        <key>Indentation</key><integer>4</integer>
    </dict>
    <key>21</key><dict>
        <key>Filename</key><string>C:\Users\Sam Kabo Ashwell\Documents\Inform\nginx-1.12.1\nginx-1.12.1\html\Olfactor.inform\Source\story.ni</string>
        <key>Line</key><integer>1463</integer>
        <key>Title</key><string>Book - Basic Choice Menus</string>
        <key>Level</key><integer>2</integer>
        <key>Indentation</key><integer>2</integer>
    </dict>
    <key>22</key><dict>
        <key>Filename</key><string>C:\Users\Sam Kabo Ashwell\Documents\Inform\nginx-1.12.1\nginx-1.12.1\html\Olfactor.inform\Source\story.ni</string>
        <key>Line</key><integer>1467</integer>
        <key>Title</key><string>Part - Choice of Meanings</string>
        <key>Level</key><integer>3</integer>
        <key>Indentation</key><integer>3</integer>
    </dict>
    <key>23</key><dict>
        <key>Filename</key><string>C:\Users\Sam Kabo Ashwell\Documents\Inform\nginx-1.12.1\nginx-1.12.1\html\Olfactor.inform\Source\story.ni</string>
        <key>Line</key><integer>1546</integer>
        <key>Title</key><string>Part - Choice of Bottles</string>
        <key>Level</key><integer>3</integer>
        <key>Indentation</key><integer>3</integer>
    </dict>
    <key>24</key><dict>
        <key>Filename</key><string>C:\Users\Sam Kabo Ashwell\Documents\Inform\nginx-1.12.1\nginx-1.12.1\html\Olfactor.inform\Source\story.ni</string>
        <key>Line</key><integer>1662</integer>
        <key>Title</key><string>Part - Connecting Phrases</string>
        <key>Level</key><integer>3</integer>
        <key>Indentation</key><integer>3</integer>
    </dict>
    <key>25</key><dict>
        <key>Filename</key><string>C:\Users\Sam Kabo Ashwell\Documents\Inform\nginx-1.12.1\nginx-1.12.1\html\Olfactor.inform\Source\story.ni</string>
        <key>Line</key><integer>1724</integer>
        <key>Title</key><string>Part - Special Commands</string>
        <key>Level</key><integer>3</integer>
        <key>Indentation</key><integer>3</integer>
    </dict>
    <key>26</key><dict>
        <key>Filename</key><string>C:\Users\Sam Kabo Ashwell\Documents\Inform\nginx-1.12.1\nginx-1.12.1\html\Olfactor.inform\Source\story.ni</string>
        <key>Line</key><integer>1743</integer>
        <key>Title</key><string>Part - The Ontologies of Babylon</string>
        <key>Level</key><integer>3</integer>
        <key>Indentation</key><integer>3</integer>
    </dict>
    <key>27</key><dict>
        <key>Filename</key><string>C:\Users\Sam Kabo Ashwell\Documents\Inform\nginx-1.12.1\nginx-1.12.1\html\Olfactor.inform\Source\story.ni</string>
        <key>Line</key><integer>1786</integer>
        <key>Title</key><string>Volume - Memory</string>
        <key>Level</key><integer>1</integer>
        <key>Indentation</key><integer>1</integer>
    </dict>
    <key>28</key><dict>
        <key>Filename</key><string>C:\Users\Sam Kabo Ashwell\Documents\Inform\nginx-1.12.1\nginx-1.12.1\html\Olfactor.inform\Source\story.ni</string>
        <key>Line</key><integer>1807</integer>
        <key>Title</key><string>Book - A Little Context</string>
        <key>Level</key><integer>2</integer>
        <key>Indentation</key><integer>2</integer>
    </dict>
    <key>29</key><dict>
        <key>Filename</key><string>C:\Users\Sam Kabo Ashwell\Documents\Inform\nginx-1.12.1\nginx-1.12.1\html\Olfactor.inform\Source\story.ni</string>
        <key>Line</key><integer>1809</integer>
        <key>Title</key><string>Part - Seasons</string>
        <key>Level</key><integer>3</integer>
        <key>Indentation</key><integer>3</integer>
    </dict>
    <key>30</key><dict>
        <key>Filename</key><string>C:\Users\Sam Kabo Ashwell\Documents\Inform\nginx-1.12.1\nginx-1.12.1\html\Olfactor.inform\Source\story.ni</string>
        <key>Line</key><integer>1861</integer>
        <key>Title</key><string>Part - Time of Day</string>
        <key>Level</key><integer>3</integer>
        <key>Indentation</key><integer>3</integer>
    </dict>
    <key>31</key><dict>
        <key>Filename</key><string>C:\Users\Sam Kabo Ashwell\Documents\Inform\nginx-1.12.1\nginx-1.12.1\html\Olfactor.inform\Source\story.ni</string>
        <key>Line</key><integer>1865</integer>
        <key>Title</key><string>Book - Gifts</string>
        <key>Level</key><integer>2</integer>
        <key>Indentation</key><integer>2</integer>
    </dict>
    <key>32</key><dict>
        <key>Filename</key><string>C:\Users\Sam Kabo Ashwell\Documents\Inform\nginx-1.12.1\nginx-1.12.1\html\Olfactor.inform\Source\story.ni</string>
        <key>Line</key><integer>1997</integer>
        <key>Title</key><string>Part - Scented Things</string>
        <key>Level</key><integer>3</integer>
        <key>Indentation</key><integer>3</integer>
    </dict>
    <key>33</key><dict>
        <key>Filename</key><string>C:\Users\Sam Kabo Ashwell\Documents\Inform\nginx-1.12.1\nginx-1.12.1\html\Olfactor.inform\Source\story.ni</string>
        <key>Line</key><integer>2027</integer>
        <key>Title</key><string>Chapter - Misc Leatherwork</string>
        <key>Level</key><integer>4</integer>
        <key>Indentation</key><integer>4</integer>
    </dict>
    <key>34</key><dict>
        <key>Filename</key><string>C:\Users\Sam Kabo Ashwell\Documents\Inform\nginx-1.12.1\nginx-1.12.1\html\Olfactor.inform\Source\story.ni</string>
        <key>Line</key><integer>2048</integer>
        <key>Title</key><string>Chapter - Misc Clothing</string>
        <key>Level</key><integer>4</integer>
        <key>Indentation</key><integer>4</integer>
    </dict>
    <key>35</key><dict>
        <key>Filename</key><string>C:\Users\Sam Kabo Ashwell\Documents\Inform\nginx-1.12.1\nginx-1.12.1\html\Olfactor.inform\Source\story.ni</string>
        <key>Line</key><integer>2071</integer>
        <key>Title</key><string>Chapter - Corsetry</string>
        <key>Level</key><integer>4</integer>
        <key>Indentation</key><integer>4</integer>
    </dict>
    <key>36</key><dict>
        <key>Filename</key><string>C:\Users\Sam Kabo Ashwell\Documents\Inform\nginx-1.12.1\nginx-1.12.1\html\Olfactor.inform\Source\story.ni</string>
        <key>Line</key><integer>2132</integer>
        <key>Title</key><string>Chapter - Boots</string>
        <key>Level</key><integer>4</integer>
        <key>Indentation</key><integer>4</integer>
    </dict>
    <key>37</key><dict>
        <key>Filename</key><string>C:\Users\Sam Kabo Ashwell\Documents\Inform\nginx-1.12.1\nginx-1.12.1\html\Olfactor.inform\Source\story.ni</string>
        <key>Line</key><integer>2197</integer>
        <key>Title</key><string>Book - Fashions</string>
        <key>Level</key><integer>2</integer>
        <key>Indentation</key><integer>2</integer>
    </dict>
    <key>38</key><dict>
        <key>Filename</key><string>C:\Users\Sam Kabo Ashwell\Documents\Inform\nginx-1.12.1\nginx-1.12.1\html\Olfactor.inform\Source\story.ni</string>
        <key>Line</key><integer>2217</integer>
        <key>Title</key><string>Book - Named Characters</string>
        <key>Level</key><integer>2</integer>
        <key>Indentation</key><integer>2</integer>
    </dict>
    <key>39</key><dict>
        <key>Filename</key><string>C:\Users\Sam Kabo Ashwell\Documents\Inform\nginx-1.12.1\nginx-1.12.1\html\Olfactor.inform\Source\story.ni</string>
        <key>Line</key><integer>2533</integer>
        <key>Title</key><string>Part - Naming And Unnecessity</string>
        <key>Level</key><integer>3</integer>
        <key>Indentation</key><integer>3</integer>
    </dict>
    <key>40</key><dict>
        <key>Filename</key><string>C:\Users\Sam Kabo Ashwell\Documents\Inform\nginx-1.12.1\nginx-1.12.1\html\Olfactor.inform\Source\story.ni</string>
        <key>Line</key><integer>2535</integer>
        <key>Title</key><string>Chapter - Gender</string>
        <key>Level</key><integer>4</integer>
        <key>Indentation</key><integer>4</integer>
    </dict>
    <key>41</key><dict>
        <key>Filename</key><string>C:\Users\Sam Kabo Ashwell\Documents\Inform\nginx-1.12.1\nginx-1.12.1\html\Olfactor.inform\Source\story.ni</string>
        <key>Line</key><integer>2648</integer>
        <key>Title</key><string>Chapter - Namelists</string>
        <key>Level</key><integer>4</integer>
        <key>Indentation</key><integer>4</integer>
    </dict>
    <key>42</key><dict>
        <key>Filename</key><string>C:\Users\Sam Kabo Ashwell\Documents\Inform\nginx-1.12.1\nginx-1.12.1\html\Olfactor.inform\Source\story.ni</string>
        <key>Line</key><integer>2713</integer>
        <key>Title</key><string>Section - Shakespearean Pseudo-Italian</string>
        <key>Level</key><integer>5</integer>
        <key>Indentation</key><integer>5</integer>
    </dict>
    <key>43</key><dict>
        <key>Filename</key><string>C:\Users\Sam Kabo Ashwell\Documents\Inform\nginx-1.12.1\nginx-1.12.1\html\Olfactor.inform\Source\story.ni</string>
        <key>Line</key><integer>2727</integer>
        <key>Title</key><string>Section - British</string>
        <key>Level</key><integer>5</integer>
        <key>Indentation</key><integer>5</integer>
    </dict>
    <key>44</key><dict>
        <key>Filename</key><string>C:\Users\Sam Kabo Ashwell\Documents\Inform\nginx-1.12.1\nginx-1.12.1\html\Olfactor.inform\Source\story.ni</string>
        <key>Line</key><integer>2829</integer>
        <key>Title</key><string>Section - Simple Variety</string>
        <key>Level</key><integer>5</integer>
        <key>Indentation</key><integer>5</integer>
    </dict>
    <key>45</key><dict>
        <key>Filename</key><string>C:\Users\Sam Kabo Ashwell\Documents\Inform\nginx-1.12.1\nginx-1.12.1\html\Olfactor.inform\Source\story.ni</string>
        <key>Line</key><integer>3002</integer>
        <key>Title</key><string>Section - Phonologies</string>
        <key>Level</key><integer>5</integer>
        <key>Indentation</key><integer>5</integer>
    </dict>
    <key>46</key><dict>
        <key>Filename</key><string>C:\Users\Sam Kabo Ashwell\Documents\Inform\nginx-1.12.1\nginx-1.12.1\html\Olfactor.inform\Source\story.ni</string>
        <key>Line</key><integer>3186</integer>
        <key>Title</key><string>Section - Some Kind Of Ancient Greek</string>
        <key>Level</key><integer>5</integer>
        <key>Indentation</key><integer>5</integer>
    </dict>
    <key>47</key><dict>
        <key>Filename</key><string>C:\Users\Sam Kabo Ashwell\Documents\Inform\nginx-1.12.1\nginx-1.12.1\html\Olfactor.inform\Source\story.ni</string>
        <key>Line</key><integer>3215</integer>
        <key>Title</key><string>Section - French</string>
        <key>Level</key><integer>5</integer>
        <key>Indentation</key><integer>5</integer>
    </dict>
    <key>48</key><dict>
        <key>Filename</key><string>C:\Users\Sam Kabo Ashwell\Documents\Inform\nginx-1.12.1\nginx-1.12.1\html\Olfactor.inform\Source\story.ni</string>
        <key>Line</key><integer>3243</integer>
        <key>Title</key><string>Book - Complex Memory</string>
        <key>Level</key><integer>2</integer>
        <key>Indentation</key><integer>2</integer>
    </dict>
    <key>49</key><dict>
        <key>Filename</key><string>C:\Users\Sam Kabo Ashwell\Documents\Inform\nginx-1.12.1\nginx-1.12.1\html\Olfactor.inform\Source\story.ni</string>
        <key>Line</key><integer>3708</integer>
        <key>Title</key><string>Chapter - Fragments of Memory</string>
        <key>Level</key><integer>4</integer>
        <key>Indentation</key><integer>3</integer>
    </dict>
    <key>50</key><dict>
        <key>Filename</key><string>C:\Users\Sam Kabo Ashwell\Documents\Inform\nginx-1.12.1\nginx-1.12.1\html\Olfactor.inform\Source\story.ni</string>
        <key>Line</key><integer>3740</integer>
        <key>Title</key><string>Section - The City and its Moods</string>
        <key>Level</key><integer>5</integer>
        <key>Indentation</key><integer>4</integer>
    </dict>
    <key>51</key><dict>
        <key>Filename</key><string>C:\Users\Sam Kabo Ashwell\Documents\Inform\nginx-1.12.1\nginx-1.12.1\html\Olfactor.inform\Source\story.ni</string>
        <key>Line</key><integer>3822</integer>
        <key>Title</key><string>Section - Weather by Hour and Season</string>
        <key>Level</key><integer>5</integer>
        <key>Indentation</key><integer>4</integer>
    </dict>
    <key>52</key><dict>
        <key>Filename</key><string>C:\Users\Sam Kabo Ashwell\Documents\Inform\nginx-1.12.1\nginx-1.12.1\html\Olfactor.inform\Source\story.ni</string>
        <key>Line</key><integer>3846</integer>
        <key>Title</key><string>Section - Lover Fragments</string>
        <key>Level</key><integer>5</integer>
        <key>Indentation</key><integer>4</integer>
    </dict>
    <key>53</key><dict>
        <key>Filename</key><string>C:\Users\Sam Kabo Ashwell\Documents\Inform\nginx-1.12.1\nginx-1.12.1\html\Olfactor.inform\Source\story.ni</string>
        <key>Line</key><integer>3934</integer>
        <key>Title</key><string>Book - Unique Memories</string>
        <key>Level</key><integer>2</integer>
        <key>Indentation</key><integer>2</integer>
    </dict>
    <key>54</key><dict>
        <key>Filename</key><string>C:\Users\Sam Kabo Ashwell\Documents\Inform\nginx-1.12.1\nginx-1.12.1\html\Olfactor.inform\Source\story.ni</string>
        <key>Line</key><integer>3958</integer>
        <key>Title</key><string>Part 1 - Lost</string>
        <key>Level</key><integer>3</integer>
        <key>Indentation</key><integer>3</integer>
    </dict>
    <key>55</key><dict>
        <key>Filename</key><string>C:\Users\Sam Kabo Ashwell\Documents\Inform\nginx-1.12.1\nginx-1.12.1\html\Olfactor.inform\Source\story.ni</string>
        <key>Line</key><integer>4164</integer>
        <key>Title</key><string>Part 2 Derring-Do</string>
        <key>Level</key><integer>3</integer>
        <key>Indentation</key><integer>3</integer>
    </dict>
    <key>56</key><dict>
        <key>Filename</key><string>C:\Users\Sam Kabo Ashwell\Documents\Inform\nginx-1.12.1\nginx-1.12.1\html\Olfactor.inform\Source\story.ni</string>
        <key>Line</key><integer>4356</integer>
        <key>Title</key><string>Part 3 - Death</string>
        <key>Level</key><integer>3</integer>
        <key>Indentation</key><integer>3</integer>
    </dict>
    <key>57</key><dict>
        <key>Filename</key><string>C:\Users\Sam Kabo Ashwell\Documents\Inform\nginx-1.12.1\nginx-1.12.1\html\Olfactor.inform\Source\story.ni</string>
        <key>Line</key><integer>4380</integer>
        <key>Title</key><string>Part 4 - First Creations</string>
        <key>Level</key><integer>3</integer>
        <key>Indentation</key><integer>3</integer>
    </dict>
    <key>58</key><dict>
        <key>Filename</key><string>C:\Users\Sam Kabo Ashwell\Documents\Inform\nginx-1.12.1\nginx-1.12.1\html\Olfactor.inform\Source\story.ni</string>
        <key>Line</key><integer>4430</integer>
        <key>Title</key><string>Part 5 - First Perfumes</string>
        <key>Level</key><integer>3</integer>
        <key>Indentation</key><integer>3</integer>
    </dict>
    <key>59</key><dict>
        <key>Filename</key><string>C:\Users\Sam Kabo Ashwell\Documents\Inform\nginx-1.12.1\nginx-1.12.1\html\Olfactor.inform\Source\story.ni</string>
        <key>Line</key><integer>4632</integer>
        <key>Title</key><string>Book - Bottles</string>
        <key>Level</key><integer>2</integer>
        <key>Indentation</key><integer>2</integer>
    </dict>
    <key>60</key><dict>
        <key>Filename</key><string>C:\Users\Sam Kabo Ashwell\Documents\Inform\nginx-1.12.1\nginx-1.12.1\html\Olfactor.inform\Source\story.ni</string>
        <key>Line</key><integer>4832</integer>
        <key>Title</key><string>Volume - The Frame Story</string>
        <key>Level</key><integer>1</integer>
        <key>Indentation</key><integer>1</integer>
    </dict>
    <key>61</key><dict>
        <key>Filename</key><string>C:\Users\Sam Kabo Ashwell\Documents\Inform\nginx-1.12.1\nginx-1.12.1\html\Olfactor.inform\Source\story.ni</string>
        <key>Line</key><integer>4850</integer>
        <key>Title</key><string>Volume - Testing Verbs</string>
        <key>Level</key><integer>1</integer>
        <key>Indentation</key><integer>1</integer>
    </dict>
    <key>62</key><dict>
        <key>Line</key><integer>1</integer>
        <key>Title</key><string>Invented sentences</string>
        <key>Level</key><integer>0</integer>
        <key>Indentation</key><integer>0</integer>
    </dict>
    <key>63</key><dict>
        <key>Filename</key><string>C:\Program Files (x86)\Inform 7\Internal\Extensions\graham nelson\standard rules.i7x</string>
        <key>Line</key><integer>1</integer>
        <key>Title</key><string>Version 3/120430 of the Standard Rules by Graham Nelson begins here</string>
        <key>Level</key><integer>0</integer>
        <key>Indentation</key><integer>0</integer>
    </dict>
    <key>64</key><dict>
        <key>Filename</key><string>C:\Program Files (x86)\Inform 7\Internal\Extensions\graham nelson\standard rules.i7x</string>
        <key>Line</key><integer>347</integer>
        <key>Title</key><string>Part SR1 - The Physical World Model</string>
        <key>Level</key><integer>3</integer>
        <key>Indentation</key><integer>1</integer>
    </dict>
    <key>65</key><dict>
        <key>Filename</key><string>C:\Program Files (x86)\Inform 7\Internal\Extensions\graham nelson\standard rules.i7x</string>
        <key>Line</key><integer>349</integer>
        <key>Title</key><string>Section SR1/0 - Language</string>
        <key>Level</key><integer>5</integer>
        <key>Indentation</key><integer>2</integer>
    </dict>
    <key>66</key><dict>
        <key>Filename</key><string>C:\Program Files (x86)\Inform 7\Internal\Extensions\graham nelson\standard rules.i7x</string>
        <key>Line</key><integer>410</integer>
        <key>Title</key><string>Section SR1/1 - Primitive Kinds</string>
        <key>Level</key><integer>5</integer>
        <key>Indentation</key><integer>2</integer>
    </dict>
    <key>67</key><dict>
        <key>Filename</key><string>C:\Program Files (x86)\Inform 7\Internal\Extensions\graham nelson\standard rules.i7x</string>
        <key>Line</key><integer>435</integer>
        <key>Title</key><string>Section SR1/2 - Rooms</string>
        <key>Level</key><integer>5</integer>
        <key>Indentation</key><integer>2</integer>
    </dict>
    <key>68</key><dict>
        <key>Filename</key><string>C:\Program Files (x86)\Inform 7\Internal\Extensions\graham nelson\standard rules.i7x</string>
        <key>Line</key><integer>465</integer>
        <key>Title</key><string>Section SR1/3 - Things</string>
        <key>Level</key><integer>5</integer>
        <key>Indentation</key><integer>2</integer>
    </dict>
    <key>69</key><dict>
        <key>Filename</key><string>C:\Program Files (x86)\Inform 7\Internal\Extensions\graham nelson\standard rules.i7x</string>
        <key>Line</key><integer>492</integer>
        <key>Title</key><string>Section SR1/4 - Directions</string>
        <key>Level</key><integer>5</integer>
        <key>Indentation</key><integer>2</integer>
    </dict>
    <key>70</key><dict>
        <key>Filename</key><string>C:\Program Files (x86)\Inform 7\Internal\Extensions\graham nelson\standard rules.i7x</string>
        <key>Line</key><integer>543</integer>
        <key>Title</key><string>Section SR1/5 - Doors</string>
        <key>Level</key><integer>5</integer>
        <key>Indentation</key><integer>2</integer>
    </dict>
    <key>71</key><dict>
        <key>Filename</key><string>C:\Program Files (x86)\Inform 7\Internal\Extensions\graham nelson\standard rules.i7x</string>
        <key>Line</key><integer>561</integer>
        <key>Title</key><string>Section SR1/6 - Containers</string>
        <key>Level</key><integer>5</integer>
        <key>Indentation</key><integer>2</integer>
    </dict>
    <key>72</key><dict>
        <key>Filename</key><string>C:\Program Files (x86)\Inform 7\Internal\Extensions\graham nelson\standard rules.i7x</string>
        <key>Line</key><integer>575</integer>
        <key>Title</key><string>Section SR1/7 - Supporters</string>
        <key>Level</key><integer>5</integer>
        <key>Indentation</key><integer>2</integer>
    </dict>
    <key>73</key><dict>
        <key>Filename</key><string>C:\Program Files (x86)\Inform 7\Internal\Extensions\graham nelson\standard rules.i7x</string>
        <key>Line</key><integer>590</integer>
        <key>Title</key><string>Section SR1/8 - Openability</string>
        <key>Level</key><integer>5</integer>
        <key>Indentation</key><integer>2</integer>
    </dict>
    <key>74</key><dict>
        <key>Filename</key><string>C:\Program Files (x86)\Inform 7\Internal\Extensions\graham nelson\standard rules.i7x</string>
        <key>Line</key><integer>598</integer>
        <key>Title</key><string>Section SR1/9 - Lockability</string>
        <key>Level</key><integer>5</integer>
        <key>Indentation</key><integer>2</integer>
    </dict>
    <key>75</key><dict>
        <key>Filename</key><string>C:\Program Files (x86)\Inform 7\Internal\Extensions\graham nelson\standard rules.i7x</string>
        <key>Line</key><integer>617</integer>
        <key>Title</key><string>Section SR1/10 - Backdrops</string>
        <key>Level</key><integer>5</integer>
        <key>Indentation</key><integer>2</integer>
    </dict>
    <key>76</key><dict>
        <key>Filename</key><string>C:\Program Files (x86)\Inform 7\Internal\Extensions\graham nelson\standard rules.i7x</string>
        <key>Line</key><integer>627</integer>
        <key>Title</key><string>Section SR1/11 - People</string>
        <key>Level</key><integer>5</integer>
        <key>Indentation</key><integer>2</integer>
    </dict>
    <key>77</key><dict>
        <key>Filename</key><string>C:\Program Files (x86)\Inform 7\Internal\Extensions\graham nelson\standard rules.i7x</string>
        <key>Line</key><integer>657</integer>
        <key>Title</key><string>Section SR1/12 - Animals, men and women</string>
        <key>Level</key><integer>5</integer>
        <key>Indentation</key><integer>2</integer>
    </dict>
    <key>78</key><dict>
        <key>Filename</key><string>C:\Program Files (x86)\Inform 7\Internal\Extensions\graham nelson\standard rules.i7x</string>
        <key>Line</key><integer>675</integer>
        <key>Title</key><string>Section SR1/13 - Devices</string>
        <key>Level</key><integer>5</integer>
        <key>Indentation</key><integer>2</integer>
    </dict>
    <key>79</key><dict>
        <key>Filename</key><string>C:\Program Files (x86)\Inform 7\Internal\Extensions\graham nelson\standard rules.i7x</string>
        <key>Line</key><integer>685</integer>
        <key>Title</key><string>Section SR1/14 - Vehicles</string>
        <key>Level</key><integer>5</integer>
        <key>Indentation</key><integer>2</integer>
    </dict>
    <key>80</key><dict>
        <key>Filename</key><string>C:\Program Files (x86)\Inform 7\Internal\Extensions\graham nelson\standard rules.i7x</string>
        <key>Line</key><integer>698</integer>
        <key>Title</key><string>Section SR1/15 - Player's holdall</string>
        <key>Level</key><integer>5</integer>
        <key>Indentation</key><integer>2</integer>
    </dict>
    <key>81</key><dict>
        <key>Filename</key><string>C:\Program Files (x86)\Inform 7\Internal\Extensions\graham nelson\standard rules.i7x</string>
        <key>Line</key><integer>713</integer>
        <key>Title</key><string>Section SR1/16 - Inform 6 equivalents</string>
        <key>Level</key><integer>5</integer>
        <key>Indentation</key><integer>2</integer>
    </dict>
    <key>82</key><dict>
        <key>Filename</key><string>C:\Program Files (x86)\Inform 7\Internal\Extensions\graham nelson\standard rules.i7x</string>
        <key>Line</key><integer>752</integer>
        <key>Title</key><string>Part SR2 - Variables and Rulebooks</string>
        <key>Level</key><integer>3</integer>
        <key>Indentation</key><integer>1</integer>
    </dict>
    <key>83</key><dict>
        <key>Filename</key><string>C:\Program Files (x86)\Inform 7\Internal\Extensions\graham nelson\standard rules.i7x</string>
        <key>Line</key><integer>754</integer>
        <key>Title</key><string>Section SR2/1 - Situation</string>
        <key>Level</key><integer>5</integer>
        <key>Indentation</key><integer>2</integer>
    </dict>
    <key>84</key><dict>
        <key>Filename</key><string>C:\Program Files (x86)\Inform 7\Internal\Extensions\graham nelson\standard rules.i7x</string>
        <key>Line</key><integer>774</integer>
        <key>Title</key><string>Section SR2/2 - Current action</string>
        <key>Level</key><integer>5</integer>
        <key>Indentation</key><integer>2</integer>
    </dict>
    <key>85</key><dict>
        <key>Filename</key><string>C:\Program Files (x86)\Inform 7\Internal\Extensions\graham nelson\standard rules.i7x</string>
        <key>Line</key><integer>789</integer>
        <key>Title</key><string>Section SR2/3 - Used when ruling on accessibility</string>
        <key>Level</key><integer>5</integer>
        <key>Indentation</key><integer>2</integer>
    </dict>
    <key>86</key><dict>
        <key>Filename</key><string>C:\Program Files (x86)\Inform 7\Internal\Extensions\graham nelson\standard rules.i7x</string>
        <key>Line</key><integer>801</integer>
        <key>Title</key><string>Section SR2/4 - Used when understanding typed commands</string>
        <key>Level</key><integer>5</integer>
        <key>Indentation</key><integer>2</integer>
    </dict>
    <key>87</key><dict>
        <key>Filename</key><string>C:\Program Files (x86)\Inform 7\Internal\Extensions\graham nelson\standard rules.i7x</string>
        <key>Line</key><integer>818</integer>
        <key>Title</key><string>Section SR2/5 - Presentation on screen</string>
        <key>Level</key><integer>5</integer>
        <key>Indentation</key><integer>2</integer>
    </dict>
    <key>88</key><dict>
        <key>Filename</key><string>C:\Program Files (x86)\Inform 7\Internal\Extensions\graham nelson\standard rules.i7x</string>
        <key>Line</key><integer>832</integer>
        <key>Title</key><string>Section SR2/6 - Language generation</string>
        <key>Level</key><integer>5</integer>
        <key>Indentation</key><integer>2</integer>
    </dict>
    <key>89</key><dict>
        <key>Filename</key><string>C:\Program Files (x86)\Inform 7\Internal\Extensions\graham nelson\standard rules.i7x</string>
        <key>Line</key><integer>840</integer>
        <key>Title</key><string>Section SR2/6a - Unindexed Standard Rules variables - Unindexed</string>
        <key>Level</key><integer>5</integer>
        <key>Indentation</key><integer>2</integer>
    </dict>
    <key>90</key><dict>
        <key>Filename</key><string>C:\Program Files (x86)\Inform 7\Internal\Extensions\graham nelson\standard rules.i7x</string>
        <key>Line</key><integer>852</integer>
        <key>Title</key><string>Section SR2/6b - Unindexed Standard Rules variables - Unindexed (for figures language element only)</string>
        <key>Level</key><integer>5</integer>
        <key>Indentation</key><integer>2</integer>
    </dict>
    <key>91</key><dict>
        <key>Filename</key><string>C:\Program Files (x86)\Inform 7\Internal\Extensions\graham nelson\standard rules.i7x</string>
        <key>Line</key><integer>856</integer>
        <key>Title</key><string>Section SR2/6c - Unindexed Standard Rules variables - Unindexed</string>
        <key>Level</key><integer>5</integer>
        <key>Indentation</key><integer>2</integer>
    </dict>
    <key>92</key><dict>
        <key>Filename</key><string>C:\Program Files (x86)\Inform 7\Internal\Extensions\graham nelson\standard rules.i7x</string>
        <key>Line</key><integer>876</integer>
        <key>Title</key><string>Section SR2/7 - The Standard Rulebooks</string>
        <key>Level</key><integer>5</integer>
        <key>Indentation</key><integer>2</integer>
    </dict>
    <key>93</key><dict>
        <key>Filename</key><string>C:\Program Files (x86)\Inform 7\Internal\Extensions\graham nelson\standard rules.i7x</string>
        <key>Line</key><integer>944</integer>
        <key>Title</key><string>Section SR2/8 - The Standard Rules</string>
        <key>Level</key><integer>5</integer>
        <key>Indentation</key><integer>2</integer>
    </dict>
    <key>94</key><dict>
        <key>Filename</key><string>C:\Program Files (x86)\Inform 7\Internal\Extensions\graham nelson\standard rules.i7x</string>
        <key>Line</key><integer>1032</integer>
        <key>Title</key><string>Section SR2/9 - The Entire Game scene</string>
        <key>Level</key><integer>5</integer>
        <key>Indentation</key><integer>2</integer>
    </dict>
    <key>95</key><dict>
        <key>Filename</key><string>C:\Program Files (x86)\Inform 7\Internal\Extensions\graham nelson\standard rules.i7x</string>
        <key>Line</key><integer>1038</integer>
        <key>Title</key><string>Section SR2/10 - Action processing</string>
        <key>Level</key><integer>5</integer>
        <key>Indentation</key><integer>2</integer>
    </dict>
    <key>96</key><dict>
        <key>Filename</key><string>C:\Program Files (x86)\Inform 7\Internal\Extensions\graham nelson\standard rules.i7x</string>
        <key>Line</key><integer>1127</integer>
        <key>Title</key><string>Section SR2/11 - Accessibility</string>
        <key>Level</key><integer>5</integer>
        <key>Indentation</key><integer>2</integer>
    </dict>
    <key>97</key><dict>
        <key>Filename</key><string>C:\Program Files (x86)\Inform 7\Internal\Extensions\graham nelson\standard rules.i7x</string>
        <key>Line</key><integer>1160</integer>
        <key>Title</key><string>Section SR2/12 - Adjectival definitions</string>
        <key>Level</key><integer>5</integer>
        <key>Indentation</key><integer>2</integer>
    </dict>
    <key>98</key><dict>
        <key>Filename</key><string>C:\Program Files (x86)\Inform 7\Internal\Extensions\graham nelson\standard rules.i7x</string>
        <key>Line</key><integer>1234</integer>
        <key>Title</key><string>Section SR2/12a - Adjectival definitions (for Glulx only)</string>
        <key>Level</key><integer>5</integer>
        <key>Indentation</key><integer>2</integer>
    </dict>
    <key>99</key><dict>
        <key>Filename</key><string>C:\Program Files (x86)\Inform 7\Internal\Extensions\graham nelson\standard rules.i7x</string>
        <key>Line</key><integer>1244</integer>
        <key>Title</key><string>Section SR2/13 - Scene descriptions</string>
        <key>Level</key><integer>5</integer>
        <key>Indentation</key><integer>2</integer>
    </dict>
    <key>100</key><dict>
        <key>Filename</key><string>C:\Program Files (x86)\Inform 7\Internal\Extensions\graham nelson\standard rules.i7x</string>
        <key>Line</key><integer>1251</integer>
        <key>Title</key><string>Section SR2/14 - Command parser errors</string>
        <key>Level</key><integer>5</integer>
        <key>Indentation</key><integer>2</integer>
    </dict>
    <key>101</key><dict>
        <key>Filename</key><string>C:\Program Files (x86)\Inform 7\Internal\Extensions\graham nelson\standard rules.i7x</string>
        <key>Line</key><integer>1399</integer>
        <key>Title</key><string>Part SR3 - Activities</string>
        <key>Level</key><integer>3</integer>
        <key>Indentation</key><integer>1</integer>
    </dict>
    <key>102</key><dict>
        <key>Filename</key><string>C:\Program Files (x86)\Inform 7\Internal\Extensions\graham nelson\standard rules.i7x</string>
        <key>Line</key><integer>1401</integer>
        <key>Title</key><string>Section SR3/1 - Definitions</string>
        <key>Level</key><integer>5</integer>
        <key>Indentation</key><integer>2</integer>
    </dict>
    <key>103</key><dict>
        <key>Filename</key><string>C:\Program Files (x86)\Inform 7\Internal\Extensions\graham nelson\standard rules.i7x</string>
        <key>Line</key><integer>1543</integer>
        <key>Title</key><string>Section SR3/2 - Final Question</string>
        <key>Level</key><integer>5</integer>
        <key>Indentation</key><integer>2</integer>
    </dict>
    <key>104</key><dict>
        <key>Filename</key><string>C:\Program Files (x86)\Inform 7\Internal\Extensions\graham nelson\standard rules.i7x</string>
        <key>Line</key><integer>1580</integer>
        <key>Title</key><string>Section SR3/3 - Final question options</string>
        <key>Level</key><integer>5</integer>
        <key>Indentation</key><integer>2</integer>
    </dict>
    <key>105</key><dict>
        <key>Filename</key><string>C:\Program Files (x86)\Inform 7\Internal\Extensions\graham nelson\standard rules.i7x</string>
        <key>Line</key><integer>1590</integer>
        <key>Title</key><string>Section SR3/4 - Locale descriptions - Unindexed</string>
        <key>Level</key><integer>5</integer>
        <key>Indentation</key><integer>2</integer>
    </dict>
    <key>106</key><dict>
        <key>Filename</key><string>C:\Program Files (x86)\Inform 7\Internal\Extensions\graham nelson\standard rules.i7x</string>
        <key>Line</key><integer>1807</integer>
        <key>Title</key><string>Part SR4 - Actions</string>
        <key>Level</key><integer>3</integer>
        <key>Indentation</key><integer>1</integer>
    </dict>
    <key>107</key><dict>
        <key>Filename</key><string>C:\Program Files (x86)\Inform 7\Internal\Extensions\graham nelson\standard rules.i7x</string>
        <key>Line</key><integer>1809</integer>
        <key>Title</key><string>Section SR4/1 - Verbs needed for adaptive text</string>
        <key>Level</key><integer>5</integer>
        <key>Indentation</key><integer>2</integer>
    </dict>
    <key>108</key><dict>
        <key>Filename</key><string>C:\Program Files (x86)\Inform 7\Internal\Extensions\graham nelson\standard rules.i7x</string>
        <key>Line</key><integer>1825</integer>
        <key>Title</key><string>Section SR4/2 - Standard actions concerning the actor's possessions</string>
        <key>Level</key><integer>5</integer>
        <key>Indentation</key><integer>2</integer>
    </dict>
    <key>109</key><dict>
        <key>Filename</key><string>C:\Program Files (x86)\Inform 7\Internal\Extensions\graham nelson\standard rules.i7x</string>
        <key>Line</key><integer>2260</integer>
        <key>Title</key><string>Section SR4/3 - Standard actions which move the actor</string>
        <key>Level</key><integer>5</integer>
        <key>Indentation</key><integer>2</integer>
    </dict>
    <key>110</key><dict>
        <key>Filename</key><string>C:\Program Files (x86)\Inform 7\Internal\Extensions\graham nelson\standard rules.i7x</string>
        <key>Line</key><integer>2661</integer>
        <key>Title</key><string>Section SR4/4 - Standard actions concerning the actor's vision</string>
        <key>Level</key><integer>5</integer>
        <key>Indentation</key><integer>2</integer>
    </dict>
    <key>111</key><dict>
        <key>Filename</key><string>C:\Program Files (x86)\Inform 7\Internal\Extensions\graham nelson\standard rules.i7x</string>
        <key>Line</key><integer>2958</integer>
        <key>Title</key><string>Section SR4/5 - Standard actions which change the state of things</string>
        <key>Level</key><integer>5</integer>
        <key>Indentation</key><integer>2</integer>
    </dict>
    <key>112</key><dict>
        <key>Filename</key><string>C:\Program Files (x86)\Inform 7\Internal\Extensions\graham nelson\standard rules.i7x</string>
        <key>Line</key><integer>3356</integer>
        <key>Title</key><string>Section SR4/6 - Standard actions concerning other people</string>
        <key>Level</key><integer>5</integer>
        <key>Indentation</key><integer>2</integer>
    </dict>
    <key>113</key><dict>
        <key>Filename</key><string>C:\Program Files (x86)\Inform 7\Internal\Extensions\graham nelson\standard rules.i7x</string>
        <key>Line</key><integer>3673</integer>
        <key>Title</key><string>Section SR4/7 - Standard actions which are checked but then do nothing unless rules intervene</string>
        <key>Level</key><integer>5</integer>
        <key>Indentation</key><integer>2</integer>
    </dict>
    <key>114</key><dict>
        <key>Filename</key><string>C:\Program Files (x86)\Inform 7\Internal\Extensions\graham nelson\standard rules.i7x</string>
        <key>Line</key><integer>3953</integer>
        <key>Title</key><string>Section SR4/8 - Standard actions which always do nothing unless rules intervene</string>
        <key>Level</key><integer>5</integer>
        <key>Indentation</key><integer>2</integer>
    </dict>
    <key>115</key><dict>
        <key>Filename</key><string>C:\Program Files (x86)\Inform 7\Internal\Extensions\graham nelson\standard rules.i7x</string>
        <key>Line</key><integer>4274</integer>
        <key>Title</key><string>Section SR4/9 - Standard actions which happen out of world</string>
        <key>Level</key><integer>5</integer>
        <key>Indentation</key><integer>2</integer>
    </dict>
    <key>116</key><dict>
        <key>Filename</key><string>C:\Program Files (x86)\Inform 7\Internal\Extensions\graham nelson\standard rules.i7x</string>
        <key>Line</key><integer>4438</integer>
        <key>Title</key><string>Section SR4/10 - Grammar</string>
        <key>Level</key><integer>5</integer>
        <key>Indentation</key><integer>2</integer>
    </dict>
    <key>117</key><dict>
        <key>Filename</key><string>C:\Program Files (x86)\Inform 7\Internal\Extensions\graham nelson\standard rules.i7x</string>
        <key>Line</key><integer>4662</integer>
        <key>Title</key><string>Part SR5 - Phrasebook</string>
        <key>Level</key><integer>3</integer>
        <key>Indentation</key><integer>1</integer>
    </dict>
    <key>118</key><dict>
        <key>Filename</key><string>C:\Program Files (x86)\Inform 7\Internal\Extensions\graham nelson\standard rules.i7x</string>
        <key>Line</key><integer>4664</integer>
        <key>Title</key><string>Section SR5/1/1 - Saying - Values</string>
        <key>Level</key><integer>5</integer>
        <key>Indentation</key><integer>2</integer>
    </dict>
    <key>119</key><dict>
        <key>Filename</key><string>C:\Program Files (x86)\Inform 7\Internal\Extensions\graham nelson\standard rules.i7x</string>
        <key>Line</key><integer>4680</integer>
        <key>Title</key><string>Section SR5/1/2 - Saying - Names with articles</string>
        <key>Level</key><integer>5</integer>
        <key>Indentation</key><integer>2</integer>
    </dict>
    <key>120</key><dict>
        <key>Filename</key><string>C:\Program Files (x86)\Inform 7\Internal\Extensions\graham nelson\standard rules.i7x</string>
        <key>Line</key><integer>4701</integer>
        <key>Title</key><string>Section SR5/1/3 - Saying - Say if and otherwise</string>
        <key>Level</key><integer>5</integer>
        <key>Indentation</key><integer>2</integer>
    </dict>
    <key>121</key><dict>
        <key>Filename</key><string>C:\Program Files (x86)\Inform 7\Internal\Extensions\graham nelson\standard rules.i7x</string>
        <key>Line</key><integer>4736</integer>
        <key>Title</key><string>Section SR5/1/4 - Saying - Say one of</string>
        <key>Level</key><integer>5</integer>
        <key>Indentation</key><integer>2</integer>
    </dict>
    <key>122</key><dict>
        <key>Filename</key><string>C:\Program Files (x86)\Inform 7\Internal\Extensions\graham nelson\standard rules.i7x</string>
        <key>Line</key><integer>4779</integer>
        <key>Title</key><string>Section SR5/1/5 - Saying - Paragraph control</string>
        <key>Level</key><integer>5</integer>
        <key>Indentation</key><integer>2</integer>
    </dict>
    <key>123</key><dict>
        <key>Filename</key><string>C:\Program Files (x86)\Inform 7\Internal\Extensions\graham nelson\standard rules.i7x</string>
        <key>Line</key><integer>4805</integer>
        <key>Title</key><string>Section SR5/1/6 - Saying - Special characters</string>
        <key>Level</key><integer>5</integer>
        <key>Indentation</key><integer>2</integer>
    </dict>
    <key>124</key><dict>
        <key>Filename</key><string>C:\Program Files (x86)\Inform 7\Internal\Extensions\graham nelson\standard rules.i7x</string>
        <key>Line</key><integer>4820</integer>
        <key>Title</key><string>Section SR5/1/7 - Saying - Fonts and visual effects</string>
        <key>Level</key><integer>5</integer>
        <key>Indentation</key><integer>2</integer>
    </dict>
    <key>125</key><dict>
        <key>Filename</key><string>C:\Program Files (x86)\Inform 7\Internal\Extensions\graham nelson\standard rules.i7x</string>
        <key>Line</key><integer>4841</integer>
        <key>Title</key><string>Section SR5/1/8 - Saying - Some built-in texts</string>
        <key>Level</key><integer>5</integer>
        <key>Indentation</key><integer>2</integer>
    </dict>
    <key>126</key><dict>
        <key>Filename</key><string>C:\Program Files (x86)\Inform 7\Internal\Extensions\graham nelson\standard rules.i7x</string>
        <key>Line</key><integer>4856</integer>
        <key>Title</key><string>Section SR5/1/9 - Saying - Saying lists of things</string>
        <key>Level</key><integer>5</integer>
        <key>Indentation</key><integer>2</integer>
    </dict>
    <key>127</key><dict>
        <key>Filename</key><string>C:\Program Files (x86)\Inform 7\Internal\Extensions\graham nelson\standard rules.i7x</string>
        <key>Line</key><integer>4963</integer>
        <key>Title</key><string>Section SR5/1/10 - Saying - Group in and omit from lists</string>
        <key>Level</key><integer>5</integer>
        <key>Indentation</key><integer>2</integer>
    </dict>
    <key>128</key><dict>
        <key>Filename</key><string>C:\Program Files (x86)\Inform 7\Internal\Extensions\graham nelson\standard rules.i7x</string>
        <key>Line</key><integer>4990</integer>
        <key>Title</key><string>Section SR5/1/11 - Saying - Lists of values</string>
        <key>Level</key><integer>5</integer>
        <key>Indentation</key><integer>2</integer>
    </dict>
    <key>129</key><dict>
        <key>Filename</key><string>C:\Program Files (x86)\Inform 7\Internal\Extensions\graham nelson\standard rules.i7x</string>
        <key>Line</key><integer>5002</integer>
        <key>Title</key><string>Section SR5/1/12 - Saying - Filtering contents - Unindexed</string>
        <key>Level</key><integer>5</integer>
        <key>Indentation</key><integer>2</integer>
    </dict>
    <key>130</key><dict>
        <key>Filename</key><string>C:\Program Files (x86)\Inform 7\Internal\Extensions\graham nelson\standard rules.i7x</string>
        <key>Line</key><integer>5009</integer>
        <key>Title</key><string>Section SR5/1/13 - Saying - Responses</string>
        <key>Level</key><integer>5</integer>
        <key>Indentation</key><integer>2</integer>
    </dict>
    <key>131</key><dict>
        <key>Filename</key><string>C:\Program Files (x86)\Inform 7\Internal\Extensions\graham nelson\standard rules.i7x</string>
        <key>Line</key><integer>5015</integer>
        <key>Title</key><string>Section SR5/2/1 - Values - Making conditions true</string>
        <key>Level</key><integer>5</integer>
        <key>Indentation</key><integer>2</integer>
    </dict>
    <key>132</key><dict>
        <key>Filename</key><string>C:\Program Files (x86)\Inform 7\Internal\Extensions\graham nelson\standard rules.i7x</string>
        <key>Line</key><integer>5021</integer>
        <key>Title</key><string>Section SR5/2/2 - Values - Giving values temporary names</string>
        <key>Level</key><integer>5</integer>
        <key>Indentation</key><integer>2</integer>
    </dict>
    <key>133</key><dict>
        <key>Filename</key><string>C:\Program Files (x86)\Inform 7\Internal\Extensions\graham nelson\standard rules.i7x</string>
        <key>Line</key><integer>5078</integer>
        <key>Title</key><string>Section SR5/2/4 - Values - Arithmetic</string>
        <key>Level</key><integer>5</integer>
        <key>Indentation</key><integer>2</integer>
    </dict>
    <key>134</key><dict>
        <key>Filename</key><string>C:\Program Files (x86)\Inform 7\Internal\Extensions\graham nelson\standard rules.i7x</string>
        <key>Line</key><integer>5139</integer>
        <key>Title</key><string>Section SR5/2/4a - Values - Real Arithmetic (for Glulx only)</string>
        <key>Level</key><integer>5</integer>
        <key>Indentation</key><integer>2</integer>
    </dict>
    <key>135</key><dict>
        <key>Filename</key><string>C:\Program Files (x86)\Inform 7\Internal\Extensions\graham nelson\standard rules.i7x</string>
        <key>Line</key><integer>5201</integer>
        <key>Title</key><string>Section SR5/2/4a - Values - Trigonometry (for Glulx only)</string>
        <key>Level</key><integer>5</integer>
        <key>Indentation</key><integer>2</integer>
    </dict>
    <key>136</key><dict>
        <key>Filename</key><string>C:\Program Files (x86)\Inform 7\Internal\Extensions\graham nelson\standard rules.i7x</string>
        <key>Line</key><integer>5232</integer>
        <key>Title</key><string>Section SR5/2/4a - Values - Hyperbolic functions (for Glulx only)</string>
        <key>Level</key><integer>5</integer>
        <key>Indentation</key><integer>2</integer>
    </dict>
    <key>137</key><dict>
        <key>Filename</key><string>C:\Program Files (x86)\Inform 7\Internal\Extensions\graham nelson\standard rules.i7x</string>
        <key>Line</key><integer>5262</integer>
        <key>Title</key><string>Section SR5/2/5 - Values - Enumerations</string>
        <key>Level</key><integer>5</integer>
        <key>Indentation</key><integer>2</integer>
    </dict>
    <key>138</key><dict>
        <key>Filename</key><string>C:\Program Files (x86)\Inform 7\Internal\Extensions\graham nelson\standard rules.i7x</string>
        <key>Line</key><integer>5280</integer>
        <key>Title</key><string>Section SR5/2/6 - Values - Truth states</string>
        <key>Level</key><integer>5</integer>
        <key>Indentation</key><integer>2</integer>
    </dict>
    <key>139</key><dict>
        <key>Filename</key><string>C:\Program Files (x86)\Inform 7\Internal\Extensions\graham nelson\standard rules.i7x</string>
        <key>Line</key><integer>5286</integer>
        <key>Title</key><string>Section SR5/2/7 - Values - Randomness</string>
        <key>Level</key><integer>5</integer>
        <key>Indentation</key><integer>2</integer>
    </dict>
    <key>140</key><dict>
        <key>Filename</key><string>C:\Program Files (x86)\Inform 7\Internal\Extensions\graham nelson\standard rules.i7x</string>
        <key>Line</key><integer>5310</integer>
        <key>Title</key><string>Section SR5/2/8 - Values - Tables</string>
        <key>Level</key><integer>5</integer>
        <key>Indentation</key><integer>2</integer>
    </dict>
    <key>141</key><dict>
        <key>Filename</key><string>C:\Program Files (x86)\Inform 7\Internal\Extensions\graham nelson\standard rules.i7x</string>
        <key>Line</key><integer>5365</integer>
        <key>Title</key><string>Section SR5/2/9 - Values - Sorting tables</string>
        <key>Level</key><integer>5</integer>
        <key>Indentation</key><integer>2</integer>
    </dict>
    <key>142</key><dict>
        <key>Filename</key><string>C:\Program Files (x86)\Inform 7\Internal\Extensions\graham nelson\standard rules.i7x</string>
        <key>Line</key><integer>5377</integer>
        <key>Title</key><string>Section SR5/2/10 - Values - Breaking down text</string>
        <key>Level</key><integer>5</integer>
        <key>Indentation</key><integer>2</integer>
    </dict>
    <key>143</key><dict>
        <key>Filename</key><string>C:\Program Files (x86)\Inform 7\Internal\Extensions\graham nelson\standard rules.i7x</string>
        <key>Line</key><integer>5421</integer>
        <key>Title</key><string>Section SR5/2/11 - Values - Matching text</string>
        <key>Level</key><integer>5</integer>
        <key>Indentation</key><integer>2</integer>
    </dict>
    <key>144</key><dict>
        <key>Filename</key><string>C:\Program Files (x86)\Inform 7\Internal\Extensions\graham nelson\standard rules.i7x</string>
        <key>Line</key><integer>5455</integer>
        <key>Title</key><string>Section SR5/2/12 - Values - Replacing text</string>
        <key>Level</key><integer>5</integer>
        <key>Indentation</key><integer>2</integer>
    </dict>
    <key>145</key><dict>
        <key>Filename</key><string>C:\Program Files (x86)\Inform 7\Internal\Extensions\graham nelson\standard rules.i7x</string>
        <key>Line</key><integer>5499</integer>
        <key>Title</key><string>Section SR5/2/13 - Values - Casing of text</string>
        <key>Level</key><integer>5</integer>
        <key>Indentation</key><integer>2</integer>
    </dict>
    <key>146</key><dict>
        <key>Filename</key><string>C:\Program Files (x86)\Inform 7\Internal\Extensions\graham nelson\standard rules.i7x</string>
        <key>Line</key><integer>5520</integer>
        <key>Title</key><string>Section SR5/2/14 - Values - Adaptive text</string>
        <key>Level</key><integer>5</integer>
        <key>Indentation</key><integer>2</integer>
    </dict>
    <key>147</key><dict>
        <key>Filename</key><string>C:\Program Files (x86)\Inform 7\Internal\Extensions\graham nelson\standard rules.i7x</string>
        <key>Line</key><integer>5566</integer>
        <key>Title</key><string>Section SR5/2/15 - Values - Lists</string>
        <key>Level</key><integer>5</integer>
        <key>Indentation</key><integer>2</integer>
    </dict>
    <key>148</key><dict>
        <key>Filename</key><string>C:\Program Files (x86)\Inform 7\Internal\Extensions\graham nelson\standard rules.i7x</string>
        <key>Line</key><integer>5618</integer>
        <key>Title</key><string>Section SR5/2/16 - Values - Length of lists</string>
        <key>Level</key><integer>5</integer>
        <key>Indentation</key><integer>2</integer>
    </dict>
    <key>149</key><dict>
        <key>Filename</key><string>C:\Program Files (x86)\Inform 7\Internal\Extensions\graham nelson\standard rules.i7x</string>
        <key>Line</key><integer>5639</integer>
        <key>Title</key><string>Section SR5/2/17 - Values - Reversing and rotating lists</string>
        <key>Level</key><integer>5</integer>
        <key>Indentation</key><integer>2</integer>
    </dict>
    <key>150</key><dict>
        <key>Filename</key><string>C:\Program Files (x86)\Inform 7\Internal\Extensions\graham nelson\standard rules.i7x</string>
        <key>Line</key><integer>5651</integer>
        <key>Title</key><string>Section SR5/2/18 - Values - Sorting lists</string>
        <key>Level</key><integer>5</integer>
        <key>Indentation</key><integer>2</integer>
    </dict>
    <key>151</key><dict>
        <key>Filename</key><string>C:\Program Files (x86)\Inform 7\Internal\Extensions\graham nelson\standard rules.i7x</string>
        <key>Line</key><integer>5669</integer>
        <key>Title</key><string>Section SR5/2/19 - Values - Relations</string>
        <key>Level</key><integer>5</integer>
        <key>Indentation</key><integer>2</integer>
    </dict>
    <key>152</key><dict>
        <key>Filename</key><string>C:\Program Files (x86)\Inform 7\Internal\Extensions\graham nelson\standard rules.i7x</string>
        <key>Line</key><integer>5739</integer>
        <key>Title</key><string>Section SR5/2/20 - Values - Functional programming</string>
        <key>Level</key><integer>5</integer>
        <key>Indentation</key><integer>2</integer>
    </dict>
    <key>153</key><dict>
        <key>Filename</key><string>C:\Program Files (x86)\Inform 7\Internal\Extensions\graham nelson\standard rules.i7x</string>
        <key>Line</key><integer>5818</integer>
        <key>Title</key><string>Section SR5/2/21 - Values - Files (for Glulx external files language element only)</string>
        <key>Level</key><integer>5</integer>
        <key>Indentation</key><integer>2</integer>
    </dict>
    <key>154</key><dict>
        <key>Filename</key><string>C:\Program Files (x86)\Inform 7\Internal\Extensions\graham nelson\standard rules.i7x</string>
        <key>Line</key><integer>5848</integer>
        <key>Title</key><string>Section SR5/2/22 - Values - Figures (for figures language element only)</string>
        <key>Level</key><integer>5</integer>
        <key>Indentation</key><integer>2</integer>
    </dict>
    <key>155</key><dict>
        <key>Filename</key><string>C:\Program Files (x86)\Inform 7\Internal\Extensions\graham nelson\standard rules.i7x</string>
        <key>Line</key><integer>5857</integer>
        <key>Title</key><string>Section SR5/2/23 - Values - Sound effects (for sounds language element only)</string>
        <key>Level</key><integer>5</integer>
        <key>Indentation</key><integer>2</integer>
    </dict>
    <key>156</key><dict>
        <key>Filename</key><string>C:\Program Files (x86)\Inform 7\Internal\Extensions\graham nelson\standard rules.i7x</string>
        <key>Line</key><integer>5866</integer>
        <key>Title</key><string>Section SR5/3/1 - Control phrases - If and unless</string>
        <key>Level</key><integer>5</integer>
        <key>Indentation</key><integer>2</integer>
    </dict>
    <key>157</key><dict>
        <key>Filename</key><string>C:\Program Files (x86)\Inform 7\Internal\Extensions\graham nelson\standard rules.i7x</string>
        <key>Line</key><integer>5879</integer>
        <key>Title</key><string>Section SR5/3/2 - Control phrases - While</string>
        <key>Level</key><integer>5</integer>
        <key>Indentation</key><integer>2</integer>
    </dict>
    <key>158</key><dict>
        <key>Filename</key><string>C:\Program Files (x86)\Inform 7\Internal\Extensions\graham nelson\standard rules.i7x</string>
        <key>Line</key><integer>5885</integer>
        <key>Title</key><string>Section SR5/3/3 - Control phrases - Repeat</string>
        <key>Level</key><integer>5</integer>
        <key>Indentation</key><integer>2</integer>
    </dict>
    <key>159</key><dict>
        <key>Filename</key><string>C:\Program Files (x86)\Inform 7\Internal\Extensions\graham nelson\standard rules.i7x</string>
        <key>Line</key><integer>5943</integer>
        <key>Title</key><string>Section SR5/3/6 - Control phrases - Changing the flow of loops</string>
        <key>Level</key><integer>5</integer>
        <key>Indentation</key><integer>2</integer>
    </dict>
    <key>160</key><dict>
        <key>Filename</key><string>C:\Program Files (x86)\Inform 7\Internal\Extensions\graham nelson\standard rules.i7x</string>
        <key>Line</key><integer>5952</integer>
        <key>Title</key><string>Section SR5/3/7 - Control phrases - Deciding outcomes</string>
        <key>Level</key><integer>5</integer>
        <key>Indentation</key><integer>2</integer>
    </dict>
    <key>161</key><dict>
        <key>Filename</key><string>C:\Program Files (x86)\Inform 7\Internal\Extensions\graham nelson\standard rules.i7x</string>
        <key>Line</key><integer>5971</integer>
        <key>Title</key><string>Section SR5/3/8 - Control phrases - Stop or go</string>
        <key>Level</key><integer>5</integer>
        <key>Indentation</key><integer>2</integer>
    </dict>
    <key>162</key><dict>
        <key>Filename</key><string>C:\Program Files (x86)\Inform 7\Internal\Extensions\graham nelson\standard rules.i7x</string>
        <key>Line</key><integer>5978</integer>
        <key>Title</key><string>Section SR5/4/1 - Actions, activities and rules - Trying actions</string>
        <key>Level</key><integer>5</integer>
        <key>Indentation</key><integer>2</integer>
    </dict>
    <key>163</key><dict>
        <key>Filename</key><string>C:\Program Files (x86)\Inform 7\Internal\Extensions\graham nelson\standard rules.i7x</string>
        <key>Line</key><integer>5992</integer>
        <key>Title</key><string>Section SR5/4/2 - Actions, activities and rules - Action requirements</string>
        <key>Level</key><integer>5</integer>
        <key>Indentation</key><integer>2</integer>
    </dict>
    <key>164</key><dict>
        <key>Filename</key><string>C:\Program Files (x86)\Inform 7\Internal\Extensions\graham nelson\standard rules.i7x</string>
        <key>Line</key><integer>6010</integer>
        <key>Title</key><string>Section SR5/4/3 - Actions, activities and rules - Stop or continue</string>
        <key>Level</key><integer>5</integer>
        <key>Indentation</key><integer>2</integer>
    </dict>
    <key>165</key><dict>
        <key>Filename</key><string>C:\Program Files (x86)\Inform 7\Internal\Extensions\graham nelson\standard rules.i7x</string>
        <key>Line</key><integer>6019</integer>
        <key>Title</key><string>Section SR5/4/4 - Actions, activities and rules - Actions as values</string>
        <key>Level</key><integer>5</integer>
        <key>Indentation</key><integer>2</integer>
    </dict>
    <key>166</key><dict>
        <key>Filename</key><string>C:\Program Files (x86)\Inform 7\Internal\Extensions\graham nelson\standard rules.i7x</string>
        <key>Line</key><integer>6043</integer>
        <key>Title</key><string>Section SR5/4/5 - Actions, activities and rules - Carrying out activities</string>
        <key>Level</key><integer>5</integer>
        <key>Indentation</key><integer>2</integer>
    </dict>
    <key>167</key><dict>
        <key>Filename</key><string>C:\Program Files (x86)\Inform 7\Internal\Extensions\graham nelson\standard rules.i7x</string>
        <key>Line</key><integer>6056</integer>
        <key>Title</key><string>Section SR5/4/6 - Actions, activities and rules - Advanced activities</string>
        <key>Level</key><integer>5</integer>
        <key>Indentation</key><integer>2</integer>
    </dict>
    <key>168</key><dict>
        <key>Filename</key><string>C:\Program Files (x86)\Inform 7\Internal\Extensions\graham nelson\standard rules.i7x</string>
        <key>Line</key><integer>6083</integer>
        <key>Title</key><string>Section SR5/4/7 - Actions, activities and rules - Following rules</string>
        <key>Level</key><integer>5</integer>
        <key>Indentation</key><integer>2</integer>
    </dict>
    <key>169</key><dict>
        <key>Filename</key><string>C:\Program Files (x86)\Inform 7\Internal\Extensions\graham nelson\standard rules.i7x</string>
        <key>Line</key><integer>6135</integer>
        <key>Title</key><string>Section SR5/4/8 - Actions, activities and rules - Success and failure</string>
        <key>Level</key><integer>5</integer>
        <key>Indentation</key><integer>2</integer>
    </dict>
    <key>170</key><dict>
        <key>Filename</key><string>C:\Program Files (x86)\Inform 7\Internal\Extensions\graham nelson\standard rules.i7x</string>
        <key>Line</key><integer>6158</integer>
        <key>Title</key><string>Section SR5/5/1 - Model world - Ending the story</string>
        <key>Level</key><integer>5</integer>
        <key>Indentation</key><integer>2</integer>
    </dict>
    <key>171</key><dict>
        <key>Filename</key><string>C:\Program Files (x86)\Inform 7\Internal\Extensions\graham nelson\standard rules.i7x</string>
        <key>Line</key><integer>6188</integer>
        <key>Title</key><string>Section SR5/5/2 - Model world - Times of day</string>
        <key>Level</key><integer>5</integer>
        <key>Indentation</key><integer>2</integer>
    </dict>
    <key>172</key><dict>
        <key>Filename</key><string>C:\Program Files (x86)\Inform 7\Internal\Extensions\graham nelson\standard rules.i7x</string>
        <key>Line</key><integer>6210</integer>
        <key>Title</key><string>Section SR5/5/3 - Model world - Durations</string>
        <key>Level</key><integer>5</integer>
        <key>Indentation</key><integer>2</integer>
    </dict>
    <key>173</key><dict>
        <key>Filename</key><string>C:\Program Files (x86)\Inform 7\Internal\Extensions\graham nelson\standard rules.i7x</string>
        <key>Line</key><integer>6219</integer>
        <key>Title</key><string>Section SR5/5/4 - Model world - Timed events</string>
        <key>Level</key><integer>5</integer>
        <key>Indentation</key><integer>2</integer>
    </dict>
    <key>174</key><dict>
        <key>Filename</key><string>C:\Program Files (x86)\Inform 7\Internal\Extensions\graham nelson\standard rules.i7x</string>
        <key>Line</key><integer>6231</integer>
        <key>Title</key><string>Section SR5/5/5 - Model world - Scenes</string>
        <key>Level</key><integer>5</integer>
        <key>Indentation</key><integer>2</integer>
    </dict>
    <key>175</key><dict>
        <key>Filename</key><string>C:\Program Files (x86)\Inform 7\Internal\Extensions\graham nelson\standard rules.i7x</string>
        <key>Line</key><integer>6246</integer>
        <key>Title</key><string>Section SR5/5/6 - Model world - Timing of scenes</string>
        <key>Level</key><integer>5</integer>
        <key>Indentation</key><integer>2</integer>
    </dict>
    <key>176</key><dict>
        <key>Filename</key><string>C:\Program Files (x86)\Inform 7\Internal\Extensions\graham nelson\standard rules.i7x</string>
        <key>Line</key><integer>6261</integer>
        <key>Title</key><string>Section SR5/5/7 - Model world - Player's identity and location</string>
        <key>Level</key><integer>5</integer>
        <key>Indentation</key><integer>2</integer>
    </dict>
    <key>177</key><dict>
        <key>Filename</key><string>C:\Program Files (x86)\Inform 7\Internal\Extensions\graham nelson\standard rules.i7x</string>
        <key>Line</key><integer>6267</integer>
        <key>Title</key><string>Section SR5/5/8 - Model world - Moving and removing things</string>
        <key>Level</key><integer>5</integer>
        <key>Indentation</key><integer>2</integer>
    </dict>
    <key>178</key><dict>
        <key>Filename</key><string>C:\Program Files (x86)\Inform 7\Internal\Extensions\graham nelson\standard rules.i7x</string>
        <key>Line</key><integer>6285</integer>
        <key>Title</key><string>Section SR5/5/9 - Model world - The map</string>
        <key>Level</key><integer>5</integer>
        <key>Indentation</key><integer>2</integer>
    </dict>
    <key>179</key><dict>
        <key>Filename</key><string>C:\Program Files (x86)\Inform 7\Internal\Extensions\graham nelson\standard rules.i7x</string>
        <key>Line</key><integer>6318</integer>
        <key>Title</key><string>Section SR5/5/10 - Model world - Route-finding</string>
        <key>Level</key><integer>5</integer>
        <key>Indentation</key><integer>2</integer>
    </dict>
    <key>180</key><dict>
        <key>Filename</key><string>C:\Program Files (x86)\Inform 7\Internal\Extensions\graham nelson\standard rules.i7x</string>
        <key>Line</key><integer>6339</integer>
        <key>Title</key><string>Section SR5/5/11 - Model world - The object tree</string>
        <key>Level</key><integer>5</integer>
        <key>Indentation</key><integer>2</integer>
    </dict>
    <key>181</key><dict>
        <key>Filename</key><string>C:\Program Files (x86)\Inform 7\Internal\Extensions\graham nelson\standard rules.i7x</string>
        <key>Line</key><integer>6351</integer>
        <key>Title</key><string>Section SR5/6/1 - Understanding - Asking yes/no questions</string>
        <key>Level</key><integer>5</integer>
        <key>Indentation</key><integer>2</integer>
    </dict>
    <key>182</key><dict>
        <key>Filename</key><string>C:\Program Files (x86)\Inform 7\Internal\Extensions\graham nelson\standard rules.i7x</string>
        <key>Line</key><integer>6357</integer>
        <key>Title</key><string>Section SR5/6/2 - Understanding - The player's command</string>
        <key>Level</key><integer>5</integer>
        <key>Indentation</key><integer>2</integer>
    </dict>
    <key>183</key><dict>
        <key>Filename</key><string>C:\Program Files (x86)\Inform 7\Internal\Extensions\graham nelson\standard rules.i7x</string>
        <key>Line</key><integer>6372</integer>
        <key>Title</key><string>Section SR5/6/3 - Understanding - Changing the player's command</string>
        <key>Level</key><integer>5</integer>
        <key>Indentation</key><integer>2</integer>
    </dict>
    <key>184</key><dict>
        <key>Filename</key><string>C:\Program Files (x86)\Inform 7\Internal\Extensions\graham nelson\standard rules.i7x</string>
        <key>Line</key><integer>6387</integer>
        <key>Title</key><string>Section SR5/6/4 - Understanding - Scope and pronouns</string>
        <key>Level</key><integer>5</integer>
        <key>Indentation</key><integer>2</integer>
    </dict>
    <key>185</key><dict>
        <key>Filename</key><string>C:\Program Files (x86)\Inform 7\Internal\Extensions\graham nelson\standard rules.i7x</string>
        <key>Line</key><integer>6399</integer>
        <key>Title</key><string>Section SR5/8/1 - Message support - Issuance - Unindexed</string>
        <key>Level</key><integer>5</integer>
        <key>Indentation</key><integer>2</integer>
    </dict>
    <key>186</key><dict>
        <key>Filename</key><string>C:\Program Files (x86)\Inform 7\Internal\Extensions\graham nelson\standard rules.i7x</string>
        <key>Line</key><integer>6416</integer>
        <key>Title</key><string>Section SR5/9/1 - Miscellaneous other phrases - Unindexed</string>
        <key>Level</key><integer>5</integer>
        <key>Indentation</key><integer>2</integer>
    </dict>
    <key>187</key><dict>
        <key>Filename</key><string>C:\Program Files (x86)\Inform 7\Internal\Extensions\graham nelson\english language.i7x</string>
        <key>Line</key><integer>1</integer>
        <key>Title</key><string>Version 1 of English Language by Graham Nelson begins here</string>
        <key>Level</key><integer>0</integer>
        <key>Indentation</key><integer>0</integer>
    </dict>
    <key>188</key><dict>
        <key>Filename</key><string>C:\Program Files (x86)\Inform 7\Internal\Extensions\graham nelson\english language.i7x</string>
        <key>Line</key><integer>7</integer>
        <key>Title</key><string>Section 1 - Modal verbs and contractions</string>
        <key>Level</key><integer>5</integer>
        <key>Indentation</key><integer>1</integer>
    </dict>
    <key>189</key><dict>
        <key>Filename</key><string>C:\Program Files (x86)\Inform 7\Internal\Extensions\graham nelson\english language.i7x</string>
        <key>Line</key><integer>31</integer>
        <key>Title</key><string>Section 1 - Grammatical definitions</string>
        <key>Level</key><integer>5</integer>
        <key>Indentation</key><integer>1</integer>
    </dict>
    <key>190</key><dict>
        <key>Filename</key><string>C:\Program Files (x86)\Inform 7\Internal\Extensions\graham nelson\english language.i7x</string>
        <key>Line</key><integer>76</integer>
        <key>Title</key><string>Section 2 - Saying pronouns</string>
        <key>Level</key><integer>5</integer>
        <key>Indentation</key><integer>1</integer>
    </dict>
    <key>191</key><dict>
        <key>Filename</key><string>C:\Program Files (x86)\Inform 7\Internal\Extensions\graham nelson\english language.i7x</string>
        <key>Line</key><integer>258</integer>
        <key>Title</key><string>Section 3 - Further pronouns</string>
        <key>Level</key><integer>5</integer>
        <key>Indentation</key><integer>1</integer>
    </dict>
    <key>192</key><dict>
        <key>Filename</key><string>C:\Users\Sam Kabo Ashwell\Documents\Inform\Extensions\juhana leinonen\vorple.i7x</string>
        <key>Line</key><integer>1</integer>
        <key>Title</key><string>Version 3/170429 of Vorple (for Glulx only) by Juhana Leinonen begins here</string>
        <key>Level</key><integer>0</integer>
        <key>Indentation</key><integer>0</integer>
    </dict>
    <key>193</key><dict>
        <key>Filename</key><string>C:\Users\Sam Kabo Ashwell\Documents\Inform\Extensions\juhana leinonen\vorple.i7x</string>
        <key>Line</key><integer>8</integer>
        <key>Title</key><string>Chapter 1 - Run-time errors</string>
        <key>Level</key><integer>4</integer>
        <key>Indentation</key><integer>1</integer>
    </dict>
    <key>194</key><dict>
        <key>Filename</key><string>C:\Users\Sam Kabo Ashwell\Documents\Inform\Extensions\juhana leinonen\vorple.i7x</string>
        <key>Line</key><integer>14</integer>
        <key>Title</key><string>Chapter 2 - Interpreter handshake</string>
        <key>Level</key><integer>4</integer>
        <key>Indentation</key><integer>1</integer>
    </dict>
    <key>195</key><dict>
        <key>Filename</key><string>C:\Users\Sam Kabo Ashwell\Documents\Inform\Extensions\juhana leinonen\vorple.i7x</string>
        <key>Line</key><integer>41</integer>
        <key>Title</key><string>Chapter 3 - JavaScript code execution</string>
        <key>Level</key><integer>4</integer>
        <key>Indentation</key><integer>1</integer>
    </dict>
    <key>196</key><dict>
        <key>Filename</key><string>C:\Users\Sam Kabo Ashwell\Documents\Inform\Extensions\juhana leinonen\vorple.i7x</string>
        <key>Line</key><integer>43</integer>
        <key>Title</key><string>Section 1 - Executing code</string>
        <key>Level</key><integer>5</integer>
        <key>Indentation</key><integer>2</integer>
    </dict>
    <key>197</key><dict>
        <key>Filename</key><string>C:\Users\Sam Kabo Ashwell\Documents\Inform\Extensions\juhana leinonen\vorple.i7x</string>
        <key>Line</key><integer>53</integer>
        <key>Title</key><string>Section 2 - Return values</string>
        <key>Level</key><integer>5</integer>
        <key>Indentation</key><integer>2</integer>
    </dict>
    <key>198</key><dict>
        <key>Filename</key><string>C:\Users\Sam Kabo Ashwell\Documents\Inform\Extensions\juhana leinonen\vorple.i7x</string>
        <key>Line</key><integer>170</integer>
        <key>Title</key><string>Section 3 - Escaping text for JavaScript</string>
        <key>Level</key><integer>5</integer>
        <key>Indentation</key><integer>2</integer>
    </dict>
    <key>199</key><dict>
        <key>Filename</key><string>C:\Users\Sam Kabo Ashwell\Documents\Inform\Extensions\juhana leinonen\vorple.i7x</string>
        <key>Line</key><integer>188</integer>
        <key>Title</key><string>Chapter 4 - HTML tags</string>
        <key>Level</key><integer>4</integer>
        <key>Indentation</key><integer>1</integer>
    </dict>
    <key>200</key><dict>
        <key>Filename</key><string>C:\Users\Sam Kabo Ashwell\Documents\Inform\Extensions\juhana leinonen\vorple.i7x</string>
        <key>Line</key><integer>190</integer>
        <key>Title</key><string>Section 1 - Opening and closing</string>
        <key>Level</key><integer>5</integer>
        <key>Indentation</key><integer>2</integer>
    </dict>
    <key>201</key><dict>
        <key>Filename</key><string>C:\Users\Sam Kabo Ashwell\Documents\Inform\Extensions\juhana leinonen\vorple.i7x</string>
        <key>Line</key><integer>202</integer>
        <key>Title</key><string>Section 2 - Placing elements</string>
        <key>Level</key><integer>5</integer>
        <key>Indentation</key><integer>2</integer>
    </dict>
    <key>202</key><dict>
        <key>Filename</key><string>C:\Users\Sam Kabo Ashwell\Documents\Inform\Extensions\juhana leinonen\vorple.i7x</string>
        <key>Line</key><integer>241</integer>
        <key>Title</key><string>Section 3 - Displaying content</string>
        <key>Level</key><integer>5</integer>
        <key>Indentation</key><integer>2</integer>
    </dict>
    <key>203</key><dict>
        <key>Filename</key><string>C:\Users\Sam Kabo Ashwell\Documents\Inform\Extensions\juhana leinonen\vorple.i7x</string>
        <key>Line</key><integer>251</integer>
        <key>Title</key><string>Section 4 - Output focus</string>
        <key>Level</key><integer>5</integer>
        <key>Indentation</key><integer>2</integer>
    </dict>
    <key>204</key><dict>
        <key>Filename</key><string>C:\Users\Sam Kabo Ashwell\Documents\Inform\Extensions\juhana leinonen\vorple.i7x</string>
        <key>Line</key><integer>260</integer>
        <key>Title</key><string>Section 5 - Counting and testing for existence</string>
        <key>Level</key><integer>5</integer>
        <key>Indentation</key><integer>2</integer>
    </dict>
    <key>205</key><dict>
        <key>Filename</key><string>C:\Users\Sam Kabo Ashwell\Documents\Inform\Extensions\juhana leinonen\vorple.i7x</string>
        <key>Line</key><integer>277</integer>
        <key>Title</key><string>Section 6 - Scrolling</string>
        <key>Level</key><integer>5</integer>
        <key>Indentation</key><integer>2</integer>
    </dict>
    <key>206</key><dict>
        <key>Filename</key><string>C:\Users\Sam Kabo Ashwell\Documents\Inform\Extensions\juhana leinonen\vorple.i7x</string>
        <key>Line</key><integer>286</integer>
        <key>Title</key><string>Chapter 5 - User Interface Setup</string>
        <key>Level</key><integer>4</integer>
        <key>Indentation</key><integer>1</integer>
    </dict>
    <key>207</key><dict>
        <key>Filename</key><string>C:\Users\Sam Kabo Ashwell\Documents\Inform\Extensions\juhana leinonen\vorple.i7x</string>
        <key>Line</key><integer>300</integer>
        <key>Title</key><string>Chapter 6 - Prompt</string>
        <key>Level</key><integer>4</integer>
        <key>Indentation</key><integer>1</integer>
    </dict>
    <key>208</key><dict>
        <key>Filename</key><string>C:\Users\Sam Kabo Ashwell\Documents\Inform\Extensions\juhana leinonen\vorple.i7x</string>
        <key>Line</key><integer>342</integer>
        <key>Title</key><string>Chapter 7 - Unique identifiers</string>
        <key>Level</key><integer>4</integer>
        <key>Indentation</key><integer>1</integer>
    </dict>
    <key>209</key><dict>
        <key>Filename</key><string>C:\Users\Sam Kabo Ashwell\Documents\Inform\Extensions\juhana leinonen\vorple.i7x</string>
        <key>Line</key><integer>352</integer>
        <key>Title</key><string>Chapter 8 - UI blocking</string>
        <key>Level</key><integer>4</integer>
        <key>Indentation</key><integer>1</integer>
    </dict>
    <key>210</key><dict>
        <key>Filename</key><string>C:\Users\Sam Kabo Ashwell\Documents\Inform\Extensions\juhana leinonen\vorple.i7x</string>
        <key>Line</key><integer>361</integer>
        <key>Title</key><string>Chapter 9 - Window title</string>
        <key>Level</key><integer>4</integer>
        <key>Indentation</key><integer>1</integer>
    </dict>
    <key>211</key><dict>
        <key>Filename</key><string>C:\Users\Sam Kabo Ashwell\Documents\Inform\Extensions\juhana leinonen\vorple.i7x</string>
        <key>Line</key><integer>367</integer>
        <key>Title</key><string>Chapter 10 - Credits</string>
        <key>Level</key><integer>4</integer>
        <key>Indentation</key><integer>1</integer>
    </dict>
    <key>212</key><dict>
        <key>Filename</key><string>C:\Users\Sam Kabo Ashwell\Documents\Inform\Extensions\juhana leinonen\vorple element manipulation.i7x</string>
        <key>Line</key><integer>1</integer>
        <key>Title</key><string>Version 3/170429 of Vorple Element Manipulation (for Glulx only) by Juhana Leinonen begins here</string>
        <key>Level</key><integer>0</integer>
        <key>Indentation</key><integer>0</integer>
    </dict>
    <key>213</key><dict>
        <key>Filename</key><string>C:\Users\Sam Kabo Ashwell\Documents\Inform\Extensions\juhana leinonen\vorple hyperlinks.i7x</string>
        <key>Line</key><integer>1</integer>
        <key>Title</key><string>Version 3/170429 of Vorple Hyperlinks (for Glulx only) by Juhana Leinonen begins here</string>
        <key>Level</key><integer>0</integer>
        <key>Indentation</key><integer>0</integer>
    </dict>
    <key>214</key><dict>
        <key>Filename</key><string>C:\Users\Sam Kabo Ashwell\Documents\Inform\Extensions\juhana leinonen\vorple hyperlinks.i7x</string>
        <key>Line</key><integer>10</integer>
        <key>Title</key><string>Chapter 1 - Placing links</string>
        <key>Level</key><integer>4</integer>
        <key>Indentation</key><integer>1</integer>
    </dict>
    <key>215</key><dict>
        <key>Filename</key><string>C:\Users\Sam Kabo Ashwell\Documents\Inform\Extensions\juhana leinonen\vorple hyperlinks.i7x</string>
        <key>Line</key><integer>12</integer>
        <key>Title</key><string>Section 1 - Web sites</string>
        <key>Level</key><integer>5</integer>
        <key>Indentation</key><integer>2</integer>
    </dict>
    <key>216</key><dict>
        <key>Filename</key><string>C:\Users\Sam Kabo Ashwell\Documents\Inform\Extensions\juhana leinonen\vorple hyperlinks.i7x</string>
        <key>Line</key><integer>40</integer>
        <key>Title</key><string>Section 2 - Commands</string>
        <key>Level</key><integer>5</integer>
        <key>Indentation</key><integer>2</integer>
    </dict>
    <key>217</key><dict>
        <key>Filename</key><string>C:\Users\Sam Kabo Ashwell\Documents\Inform\Extensions\juhana leinonen\vorple hyperlinks.i7x</string>
        <key>Line</key><integer>72</integer>
        <key>Title</key><string>Section 3 - JavaScript commands</string>
        <key>Level</key><integer>5</integer>
        <key>Indentation</key><integer>2</integer>
    </dict>
    <key>218</key><dict>
        <key>Filename</key><string>C:\Users\Sam Kabo Ashwell\Documents\Inform\Extensions\juhana leinonen\vorple hyperlinks.i7x</string>
        <key>Line</key><integer>83</integer>
        <key>Title</key><string>Chapter 2 - Disabling links</string>
        <key>Level</key><integer>4</integer>
        <key>Indentation</key><integer>1</integer>
    </dict>
    <key>219</key><dict>
        <key>Filename</key><string>C:\Users\Sam Kabo Ashwell\Documents\Inform\Extensions\juhana leinonen\vorple multimedia.i7x</string>
        <key>Line</key><integer>1</integer>
        <key>Title</key><string>Version 3/170429 of Vorple Multimedia (for Glulx only) by Juhana Leinonen begins here</string>
        <key>Level</key><integer>0</integer>
        <key>Indentation</key><integer>0</integer>
    </dict>
    <key>220</key><dict>
        <key>Filename</key><string>C:\Users\Sam Kabo Ashwell\Documents\Inform\Extensions\juhana leinonen\vorple multimedia.i7x</string>
        <key>Line</key><integer>10</integer>
        <key>Title</key><string>Chapter 1 - Images</string>
        <key>Level</key><integer>4</integer>
        <key>Indentation</key><integer>1</integer>
    </dict>
    <key>221</key><dict>
        <key>Filename</key><string>C:\Users\Sam Kabo Ashwell\Documents\Inform\Extensions\juhana leinonen\vorple multimedia.i7x</string>
        <key>Line</key><integer>46</integer>
        <key>Title</key><string>Chapter 2 - Audio</string>
        <key>Level</key><integer>4</integer>
        <key>Indentation</key><integer>1</integer>
    </dict>
    <key>222</key><dict>
        <key>Filename</key><string>C:\Users\Sam Kabo Ashwell\Documents\Inform\Extensions\juhana leinonen\vorple screen effects.i7x</string>
        <key>Line</key><integer>1</integer>
        <key>Title</key><string>Version 3/170429 of Vorple Screen Effects by Juhana Leinonen begins here</string>
        <key>Level</key><integer>0</integer>
        <key>Indentation</key><integer>0</integer>
    </dict>
    <key>223</key><dict>
        <key>Filename</key><string>C:\Users\Sam Kabo Ashwell\Documents\Inform\Extensions\juhana leinonen\vorple screen effects.i7x</string>
        <key>Line</key><integer>11</integer>
        <key>Title</key><string>Section 1 - Centering text in Glulx (in place of Section - Centering text on-screen in Basic Screen Effects by Emily Short)</string>
        <key>Level</key><integer>5</integer>
        <key>Indentation</key><integer>1</integer>
    </dict>
    <key>224</key><dict>
        <key>Filename</key><string>C:\Users\Sam Kabo Ashwell\Documents\Inform\Extensions\juhana leinonen\vorple screen effects.i7x</string>
        <key>Line</key><integer>75</integer>
        <key>Title</key><string>Section 2 - Text with alignment</string>
        <key>Level</key><integer>5</integer>
        <key>Indentation</key><integer>1</integer>
    </dict>
    <key>225</key><dict>
        <key>Filename</key><string>C:\Users\Sam Kabo Ashwell\Documents\Inform\Extensions\juhana leinonen\vorple screen effects.i7x</string>
        <key>Line</key><integer>87</integer>
        <key>Title</key><string>Section 3 - Displaying boxed quotations (in place of Section SR5/1/7 - Saying - Fonts and visual effects in Standard Rules by Graham Nelson)</string>
        <key>Level</key><integer>5</integer>
        <key>Indentation</key><integer>1</integer>
    </dict>
    <key>226</key><dict>
        <key>Filename</key><string>C:\Users\Sam Kabo Ashwell\Documents\Inform\Extensions\juhana leinonen\vorple screen effects.i7x</string>
        <key>Line</key><integer>115</integer>
        <key>Title</key><string>Section 4 - Showing the current quotation (in place of Section - Showing the current quotation in Basic Screen Effects by Emily Short)</string>
        <key>Level</key><integer>5</integer>
        <key>Indentation</key><integer>1</integer>
    </dict>
    <key>227</key><dict>
        <key>Filename</key><string>C:\Users\Sam Kabo Ashwell\Documents\Inform\Extensions\juhana leinonen\vorple screen effects.i7x</string>
        <key>Line</key><integer>126</integer>
        <key>Title</key><string>Section 5 - Styles</string>
        <key>Level</key><integer>5</integer>
        <key>Indentation</key><integer>1</integer>
    </dict>
    <key>228</key><dict>
        <key>Filename</key><string>C:\Users\Sam Kabo Ashwell\Documents\Inform\Extensions\juhana leinonen\vorple screen effects.i7x</string>
        <key>Line</key><integer>153</integer>
        <key>Title</key><string>Section 6 - Colors</string>
        <key>Level</key><integer>5</integer>
        <key>Indentation</key><integer>1</integer>
    </dict>
    <key>229</key><dict>
        <key>Filename</key><string>C:\Users\Sam Kabo Ashwell\Documents\Inform\Extensions\juhana leinonen\vorple screen effects.i7x</string>
        <key>Line</key><integer>222</integer>
        <key>Title</key><string>Section 7 - Headers</string>
        <key>Level</key><integer>5</integer>
        <key>Indentation</key><integer>1</integer>
    </dict>
    <key>230</key><dict>
        <key>Filename</key><string>C:\Users\Sam Kabo Ashwell\Documents\Inform\Extensions\juhana leinonen\vorple screen effects.i7x</string>
        <key>Line</key><integer>231</integer>
        <key>Title</key><string>Section 8 - Lists</string>
        <key>Level</key><integer>5</integer>
        <key>Indentation</key><integer>1</integer>
    </dict>
    <key>231</key><dict>
        <key>Filename</key><string>C:\Users\Sam Kabo Ashwell\Documents\Inform\Extensions\juhana leinonen\vorple command prompt control.i7x</string>
        <key>Line</key><integer>1</integer>
        <key>Title</key><string>Version 3/170429 of Vorple Command Prompt Control (for Glulx only) by Juhana Leinonen begins here</string>
        <key>Level</key><integer>0</integer>
        <key>Indentation</key><integer>0</integer>
    </dict>
    <key>232</key><dict>
        <key>Filename</key><string>C:\Users\Sam Kabo Ashwell\Documents\Inform\Extensions\juhana leinonen\vorple command prompt control.i7x</string>
        <key>Line</key><integer>10</integer>
        <key>Title</key><string>Chapter 1 - Queueing parser commands</string>
        <key>Level</key><integer>4</integer>
        <key>Indentation</key><integer>1</integer>
    </dict>
    <key>233</key><dict>
        <key>Filename</key><string>C:\Users\Sam Kabo Ashwell\Documents\Inform\Extensions\juhana leinonen\vorple command prompt control.i7x</string>
        <key>Line</key><integer>19</integer>
        <key>Title</key><string>Chapter 2 - Command history</string>
        <key>Level</key><integer>4</integer>
        <key>Indentation</key><integer>1</integer>
    </dict>
    <key>234</key><dict>
        <key>Filename</key><string>C:\Users\Sam Kabo Ashwell\Documents\Inform\Extensions\juhana leinonen\vorple command prompt control.i7x</string>
        <key>Line</key><integer>35</integer>
        <key>Title</key><string>Chapter 3 - Prefilling the command line</string>
        <key>Level</key><integer>4</integer>
        <key>Indentation</key><integer>1</integer>
    </dict>
    <key>235</key><dict>
        <key>Filename</key><string>C:\Users\Sam Kabo Ashwell\Documents\Inform\Extensions\juhana leinonen\vorple command prompt control.i7x</string>
        <key>Line</key><integer>41</integer>
        <key>Title</key><string>Chapter 4 - Changing the previous command</string>
        <key>Level</key><integer>4</integer>
        <key>Indentation</key><integer>1</integer>
    </dict>
    <key>236</key><dict>
        <key>Filename</key><string>C:\Users\Sam Kabo Ashwell\Documents\Inform\Extensions\juhana leinonen\vorple command prompt control.i7x</string>
        <key>Line</key><integer>47</integer>
        <key>Title</key><string>Chapter 5 - Hiding the prompt</string>
        <key>Level</key><integer>4</integer>
        <key>Indentation</key><integer>1</integer>
    </dict>
    <key>237</key><dict>
        <key>Filename</key><string>C:\Program Files (x86)\Inform 7\Internal\Extensions\emily short\basic screen effects.i7x</string>
        <key>Line</key><integer>1</integer>
        <key>Title</key><string>Version 7/140425 of Basic Screen Effects by Emily Short begins here</string>
        <key>Level</key><integer>0</integer>
        <key>Indentation</key><integer>0</integer>
    </dict>
    <key>238</key><dict>
        <key>Filename</key><string>C:\Program Files (x86)\Inform 7\Internal\Extensions\emily short\basic screen effects.i7x</string>
        <key>Line</key><integer>9</integer>
        <key>Title</key><string>Section - Clearing the screen</string>
        <key>Level</key><integer>5</integer>
        <key>Indentation</key><integer>1</integer>
    </dict>
    <key>239</key><dict>
        <key>Filename</key><string>C:\Program Files (x86)\Inform 7\Internal\Extensions\emily short\basic screen effects.i7x</string>
        <key>Line</key><integer>22</integer>
        <key>Title</key><string>Section - Waiting for key-presses, quitting suddenly</string>
        <key>Level</key><integer>5</integer>
        <key>Indentation</key><integer>1</integer>
    </dict>
    <key>240</key><dict>
        <key>Filename</key><string>C:\Program Files (x86)\Inform 7\Internal\Extensions\emily short\basic screen effects.i7x</string>
        <key>Line</key><integer>85</integer>
        <key>Title</key><string>Section - Showing the current quotation</string>
        <key>Level</key><integer>5</integer>
        <key>Indentation</key><integer>1</integer>
    </dict>
    <key>241</key><dict>
        <key>Filename</key><string>C:\Program Files (x86)\Inform 7\Internal\Extensions\emily short\basic screen effects.i7x</string>
        <key>Line</key><integer>92</integer>
        <key>Title</key><string>Section - Centering text on-screen</string>
        <key>Level</key><integer>5</integer>
        <key>Indentation</key><integer>1</integer>
    </dict>
    <key>242</key><dict>
        <key>Filename</key><string>C:\Program Files (x86)\Inform 7\Internal\Extensions\emily short\basic screen effects.i7x</string>
        <key>Line</key><integer>146</integer>
        <key>Title</key><string>Section - Customizing the status line</string>
        <key>Level</key><integer>5</integer>
        <key>Indentation</key><integer>1</integer>
    </dict>
    <key>243</key><dict>
        <key>Filename</key><string>C:\Program Files (x86)\Inform 7\Internal\Extensions\emily short\basic screen effects.i7x</string>
        <key>Line</key><integer>212</integer>
        <key>Title</key><string>Section - Color effects (for Z-machine only)</string>
        <key>Level</key><integer>5</integer>
        <key>Indentation</key><integer>1</integer>
    </dict>
</dict></plist>
